similarity,score,length,gaps,name,chromosome
55.800000000000004,442.5999999999981,500,442,chr2_73797277,2
